{
	"info": {
		"_postman_id": "3e1fa38f-0557-48ab-998c-35414c2655f6",
		"name": "VacQ A7",
		"schema": "https://schema.getpostman.com/json/collection/v2.1.0/collection.json",
		"_exporter_id": "15205475"
	},
	"item": [
		{
			"name": "get all BKK hospitals",
			"event": [
				{
					"listen": "test",
					"script": {
						"exec": [
							"pm.test(\"GET BKK hospitals\", function () {\r",
							"    pm.response.to.have.status(200);\r",
							"    pm.expect(pm.response.json().count).to.equal(64);\r",
							"});"
						],
						"type": "text/javascript"
					}
				}
			],
			"request": {
				"method": "GET",
				"header": [],
				"url": {
					"raw": "http://localhost:5000/api/v1/hospitals/?province=กรุงเทพมหานคร&limit=300",
					"protocol": "http",
					"host": [
						"localhost"
					],
					"port": "5000",
					"path": [
						"api",
						"v1",
						"hospitals",
						""
					],
					"query": [
						{
							"key": "province",
							"value": "กรุงเทพมหานคร"
						},
						{
							"key": "limit",
							"value": "300"
						}
					]
				}
			},
			"response": []
		},
		{
			"name": "get NG hospitals limit",
			"event": [
				{
					"listen": "test",
					"script": {
						"exec": [
							"pm.test(\"GET BKK hospitals\", function () {\r",
							"    pm.response.to.have.status(200);\r",
							"    pm.expect(pm.response.json().count).to.equal(176);\r",
							"});"
						],
						"type": "text/javascript"
					}
				}
			],
			"request": {
				"method": "GET",
				"header": [],
				"url": {
					"raw": "http://localhost:5000/api/v1/hospitals?province[gt]=ง&limit=300",
					"protocol": "http",
					"host": [
						"localhost"
					],
					"port": "5000",
					"path": [
						"api",
						"v1",
						"hospitals"
					],
					"query": [
						{
							"key": "province[gt]",
							"value": "ง"
						},
						{
							"key": "limit",
							"value": "300"
						}
					]
				}
			},
			"response": []
		},
		{
			"name": "get hospitals page 3",
			"event": [
				{
					"listen": "test",
					"script": {
						"exec": [
							"pm.test(\"GET hospitals Page3\", function () {\r",
							"    pm.response.to.have.status(200);\r",
							"    pm.expect(pm.response.json().count).to.equal(25);\r",
							"});"
						],
						"type": "text/javascript"
					}
				}
			],
			"request": {
				"method": "GET",
				"header": [],
				"url": {
					"raw": "http://localhost:5000/api/v1/hospitals/?page=3",
					"protocol": "http",
					"host": [
						"localhost"
					],
					"port": "5000",
					"path": [
						"api",
						"v1",
						"hospitals",
						""
					],
					"query": [
						{
							"key": "page",
							"value": "3"
						}
					]
				}
			},
			"response": []
		},
		{
			"name": "get hospitals page 3 limit48",
			"event": [
				{
					"listen": "test",
					"script": {
						"exec": [
							"pm.test(\"GET hospitals Page3\", function () {\r",
							"    pm.response.to.have.status(200);\r",
							"    pm.expect(pm.response.json().count).to.equal(48);\r",
							"});"
						],
						"type": "text/javascript"
					}
				}
			],
			"request": {
				"method": "GET",
				"header": [],
				"url": {
					"raw": "http://localhost:5000/api/v1/hospitals/?page=3&limit=48",
					"protocol": "http",
					"host": [
						"localhost"
					],
					"port": "5000",
					"path": [
						"api",
						"v1",
						"hospitals",
						""
					],
					"query": [
						{
							"key": "page",
							"value": "3"
						},
						{
							"key": "limit",
							"value": "48"
						}
					]
				}
			},
			"response": []
		},
		{
			"name": "get selected fields and sort",
			"event": [
				{
					"listen": "test",
					"script": {
						"exec": [
							"pm.test(\"GET hospitals by name, province, and postalcode,sorted by name\", function () {\r",
							"    pm.response.to.have.status(200);\r",
							"    pm.expect(pm.response.json().data[0].name).to.equal(\"ABC\");\r",
							"    pm.expect(pm.response.json().data[0].postalcode).to.equal(\"10110\");\r",
							"});"
						],
						"type": "text/javascript"
					}
				}
			],
			"request": {
				"method": "GET",
				"header": [],
				"url": {
					"raw": "http://localhost:5000/api/v1/hospitals/?select=name,province,postalcode&sort=name",
					"protocol": "http",
					"host": [
						"localhost"
					],
					"port": "5000",
					"path": [
						"api",
						"v1",
						"hospitals",
						""
					],
					"query": [
						{
							"key": "select",
							"value": "name,province,postalcode"
						},
						{
							"key": "sort",
							"value": "name"
						}
					]
				}
			},
			"response": []
		},
		{
			"name": "login admin",
			"event": [
				{
					"listen": "test",
					"script": {
						"exec": [
							"pm.test(\"Status code is 200\", function () {\r",
							"    pm.response.to.have.status(200);\r",
							"});\r",
							"\r",
							"pm.environment.set(\"TOKEN\",pm.response.json().token)"
						],
						"type": "text/javascript"
					}
				}
			],
			"request": {
				"method": "POST",
				"header": [
					{
						"key": "Content-Type",
						"value": "application/json",
						"description": "JSON Type",
						"type": "text"
					}
				],
				"body": {
					"mode": "raw",
					"raw": "{\r\n    \"email\":\"admin@gmail.com\",\r\n    \"password\":\"12345678\"\r\n}"
				},
				"url": {
					"raw": "http://localhost:5000/api/v1/auth/login",
					"protocol": "http",
					"host": [
						"localhost"
					],
					"port": "5000",
					"path": [
						"api",
						"v1",
						"auth",
						"login"
					]
				}
			},
			"response": []
		},
		{
			"name": "get all appts",
			"event": [
				{
					"listen": "test",
					"script": {
						"exec": [
							"pm.test(\"GET all appts\", function () {\r",
							"    pm.response.to.have.status(200);\r",
							"    pm.expect(pm.response.json().count).to.equal(10);\r",
							"});"
						],
						"type": "text/javascript"
					}
				}
			],
			"request": {
				"auth": {
					"type": "bearer",
					"bearer": [
						{
							"key": "token",
							"value": "{{TOKEN}}",
							"type": "string"
						}
					]
				},
				"method": "GET",
				"header": [],
				"url": {
					"raw": "http://localhost:5000/api/v1/appointments",
					"protocol": "http",
					"host": [
						"localhost"
					],
					"port": "5000",
					"path": [
						"api",
						"v1",
						"appointments"
					]
				}
			},
			"response": []
		},
		{
			"name": "get all appts populate",
			"event": [
				{
					"listen": "test",
					"script": {
						"exec": [
							"pm.test(\"GET all appts\", function () {\r",
							"    pm.response.to.have.status(200);\r",
							"    pm.expect(pm.response.json().count).to.equal(10);\r",
							"    pm.expect(pm.response.json().data[0].hospital.name).to.equal(\"ABC\");\r",
							"\r",
							"});"
						],
						"type": "text/javascript"
					}
				}
			],
			"request": {
				"auth": {
					"type": "bearer",
					"bearer": [
						{
							"key": "token",
							"value": "{{TOKEN}}",
							"type": "string"
						}
					]
				},
				"method": "GET",
				"header": [],
				"url": {
					"raw": "http://localhost:5000/api/v1/appointments",
					"protocol": "http",
					"host": [
						"localhost"
					],
					"port": "5000",
					"path": [
						"api",
						"v1",
						"appointments"
					]
				}
			},
			"response": []
		},
		{
			"name": "get all appts for hospital",
			"event": [
				{
					"listen": "test",
					"script": {
						"exec": [
							"pm.test(\"GET appts for hospital\", function () {\r",
							"    pm.response.to.have.status(200);\r",
							"    pm.expect(pm.response.json().data[0].hospital).to.equal(\"61bb2d9bdce002346a3b410e\");\r",
							"    //pm.expect(pm.response.json().count).to.equal(1);\r",
							"\r",
							"});"
						],
						"type": "text/javascript"
					}
				}
			],
			"request": {
				"auth": {
					"type": "bearer",
					"bearer": [
						{
							"key": "token",
							"value": "{{TOKEN}}",
							"type": "string"
						}
					]
				},
				"method": "GET",
				"header": [],
				"url": {
					"raw": "http://localhost:5000/api/v1/hospitals/61bb2d9bdce002346a3b410e/appointments",
					"protocol": "http",
					"host": [
						"localhost"
					],
					"port": "5000",
					"path": [
						"api",
						"v1",
						"hospitals",
						"61bb2d9bdce002346a3b410e",
						"appointments"
					]
				}
			},
			"response": []
		},
		{
			"name": "get hospitals query populate",
			"event": [
				{
					"listen": "test",
					"script": {
						"exec": [
							"pm.test(\"GET hospitals query populate\", function () {\r",
							"    pm.response.to.have.status(200);\r",
							"    pm.expect(pm.response.json().data[0].appointments[0].hospital).to.equal(\"61bb2d9bdce002346a3b410e\");\r",
							"});"
						],
						"type": "text/javascript"
					}
				}
			],
			"request": {
				"method": "GET",
				"header": [],
				"url": {
					"raw": "http://localhost:5000/api/v1/hospitals/?name=ABC",
					"protocol": "http",
					"host": [
						"localhost"
					],
					"port": "5000",
					"path": [
						"api",
						"v1",
						"hospitals",
						""
					],
					"query": [
						{
							"key": "name",
							"value": "ABC"
						}
					]
				}
			},
			"response": []
		},
		{
			"name": "post new hospital",
			"event": [
				{
					"listen": "test",
					"script": {
						"exec": [
							"pm.test(\"Status code is 201\", function () {\r",
							"    pm.response.to.have.status(201);\r",
							"});\r",
							"\r",
							"const response = pm.response.json();\r",
							"console.log(response.data._id);\r",
							"\r",
							"pm.globals.set(\"global_hospital_id\",response.data._id);"
						],
						"type": "text/javascript"
					}
				}
			],
			"request": {
				"auth": {
					"type": "bearer",
					"bearer": [
						{
							"key": "token",
							"value": "{{TOKEN}}",
							"type": "string"
						}
					]
				},
				"method": "POST",
				"header": [
					{
						"key": "Content-Type",
						"value": "application/json",
						"description": "JSON Type",
						"type": "text"
					}
				],
				"body": {
					"mode": "raw",
					"raw": "{\r\n    \"name\":\"{{$randomFullName}}\",\r\n    \"address\":\"Changwattana Pakkret\",\r\n    \"district\":\"Pakkret\",\r\n    \"province\":\"Non\",\r\n    \"postalcode\":\"10110\",\r\n    \"tel\":\"02-8369999\",\r\n    \"region\":\"กรุงเทพมหานคร (Bangkok)\"\r\n}"
				},
				"url": {
					"raw": "http://localhost:5000/api/v1/hospitals/",
					"protocol": "http",
					"host": [
						"localhost"
					],
					"port": "5000",
					"path": [
						"api",
						"v1",
						"hospitals",
						""
					]
				}
			},
			"response": []
		},
		{
			"name": "login user",
			"event": [
				{
					"listen": "test",
					"script": {
						"exec": [
							"pm.test(\"Status code is 200\", function () {\r",
							"    pm.response.to.have.status(200);\r",
							"});\r",
							"\r",
							"pm.environment.set(\"TOKEN\",pm.response.json().token)"
						],
						"type": "text/javascript"
					}
				}
			],
			"request": {
				"method": "POST",
				"header": [
					{
						"key": "Content-Type",
						"value": "application/json",
						"description": "JSON Type",
						"type": "text"
					}
				],
				"body": {
					"mode": "raw",
					"raw": "{\r\n    \"email\":\"user8@gmail.com\",\r\n    \"password\":\"12345678\"\r\n}"
				},
				"url": {
					"raw": "http://localhost:5000/api/v1/auth/login",
					"protocol": "http",
					"host": [
						"localhost"
					],
					"port": "5000",
					"path": [
						"api",
						"v1",
						"auth",
						"login"
					]
				}
			},
			"response": []
		},
		{
			"name": "post new appt",
			"event": [
				{
					"listen": "test",
					"script": {
						"exec": [
							"pm.test(\"Status code is 200\", function () {\r",
							"    pm.response.to.have.status(200);\r",
							"});\r",
							"\r",
							"const response = pm.response.json();\r",
							"console.log(response.data._id);\r",
							"\r",
							"pm.globals.set(\"global_appt_id\",response.data._id);"
						],
						"type": "text/javascript"
					}
				}
			],
			"request": {
				"auth": {
					"type": "bearer",
					"bearer": [
						{
							"key": "token",
							"value": "{{TOKEN}}",
							"type": "string"
						}
					]
				},
				"method": "POST",
				"header": [
					{
						"key": "Content-Type",
						"value": "application/json",
						"description": "JSON Type",
						"type": "text"
					}
				],
				"body": {
					"mode": "raw",
					"raw": "{\r\n    \"apptDate\": \"2021-01-11T17:00:00.000Z\"\r\n}"
				},
				"url": {
					"raw": "http://localhost:5000/api/v1/hospitals/:h_id/appointments",
					"protocol": "http",
					"host": [
						"localhost"
					],
					"port": "5000",
					"path": [
						"api",
						"v1",
						"hospitals",
						":h_id",
						"appointments"
					],
					"query": [
						{
							"key": "h_id",
							"value": "{{global_hospital_id}}",
							"disabled": true
						}
					],
					"variable": [
						{
							"key": "h_id",
							"value": "{{global_hospital_id}}"
						}
					]
				}
			},
			"response": []
		},
		{
			"name": "post new appt2",
			"event": [
				{
					"listen": "test",
					"script": {
						"exec": [
							"pm.test(\"Status code is 200\", function () {\r",
							"    pm.response.to.have.status(200);\r",
							"});\r",
							"\r",
							"const response = pm.response.json();\r",
							"console.log(response.data._id);\r",
							"\r",
							"pm.globals.set(\"global_appt_id\",response.data._id);"
						],
						"type": "text/javascript"
					}
				}
			],
			"request": {
				"auth": {
					"type": "bearer",
					"bearer": [
						{
							"key": "token",
							"value": "{{TOKEN}}",
							"type": "string"
						}
					]
				},
				"method": "POST",
				"header": [
					{
						"key": "Content-Type",
						"value": "application/json",
						"description": "JSON Type",
						"type": "text"
					}
				],
				"body": {
					"mode": "raw",
					"raw": "{\r\n    \"apptDate\": \"2022-02-22T17:00:00.000Z\"\r\n}"
				},
				"url": {
					"raw": "http://localhost:5000/api/v1/hospitals/:h_id/appointments",
					"protocol": "http",
					"host": [
						"localhost"
					],
					"port": "5000",
					"path": [
						"api",
						"v1",
						"hospitals",
						":h_id",
						"appointments"
					],
					"query": [
						{
							"key": "h_id",
							"value": "{{global_hospital_id}}",
							"disabled": true
						}
					],
					"variable": [
						{
							"key": "h_id",
							"value": "{{global_hospital_id}}"
						}
					]
				}
			},
			"response": []
		},
		{
			"name": "post new appt3",
			"event": [
				{
					"listen": "test",
					"script": {
						"exec": [
							"pm.test(\"Status code is 200\", function () {\r",
							"    pm.response.to.have.status(200);\r",
							"});\r",
							"\r",
							"const response = pm.response.json();\r",
							"console.log(response.data._id);\r",
							"\r",
							"pm.globals.set(\"global_appt_id\",response.data._id);"
						],
						"type": "text/javascript"
					}
				}
			],
			"request": {
				"auth": {
					"type": "bearer",
					"bearer": [
						{
							"key": "token",
							"value": "{{TOKEN}}",
							"type": "string"
						}
					]
				},
				"method": "POST",
				"header": [
					{
						"key": "Content-Type",
						"value": "application/json",
						"description": "JSON Type",
						"type": "text"
					}
				],
				"body": {
					"mode": "raw",
					"raw": "{\r\n    \"apptDate\": \"2023-03-13T17:00:00.000Z\"\r\n}"
				},
				"url": {
					"raw": "http://localhost:5000/api/v1/hospitals/:h_id/appointments",
					"protocol": "http",
					"host": [
						"localhost"
					],
					"port": "5000",
					"path": [
						"api",
						"v1",
						"hospitals",
						":h_id",
						"appointments"
					],
					"query": [
						{
							"key": "h_id",
							"value": "{{global_hospital_id}}",
							"disabled": true
						}
					],
					"variable": [
						{
							"key": "h_id",
							"value": "{{global_hospital_id}}"
						}
					]
				}
			},
			"response": []
		},
		{
			"name": "post new appt4 error",
			"event": [
				{
					"listen": "test",
					"script": {
						"exec": [
							"pm.test(\"Status code is 400\", function () {\r",
							"    pm.response.to.have.status(400);\r",
							"});\r",
							""
						],
						"type": "text/javascript"
					}
				}
			],
			"request": {
				"auth": {
					"type": "bearer",
					"bearer": [
						{
							"key": "token",
							"value": "{{TOKEN}}",
							"type": "string"
						}
					]
				},
				"method": "POST",
				"header": [
					{
						"key": "Content-Type",
						"value": "application/json",
						"description": "JSON Type",
						"type": "text"
					}
				],
				"body": {
					"mode": "raw",
					"raw": "{\r\n    \"apptDate\": \"2024-04-14T17:00:00.000Z\"\r\n}"
				},
				"url": {
					"raw": "http://localhost:5000/api/v1/hospitals/:h_id/appointments",
					"protocol": "http",
					"host": [
						"localhost"
					],
					"port": "5000",
					"path": [
						"api",
						"v1",
						"hospitals",
						":h_id",
						"appointments"
					],
					"query": [
						{
							"key": "h_id",
							"value": "{{global_hospital_id}}",
							"disabled": true
						}
					],
					"variable": [
						{
							"key": "h_id",
							"value": "{{global_hospital_id}}"
						}
					]
				}
			},
			"response": []
		},
		{
			"name": "update new appt",
			"event": [
				{
					"listen": "test",
					"script": {
						"exec": [
							"pm.test(\"Status code is 200\", function () {\r",
							"    pm.response.to.have.status(200);\r",
							"});"
						],
						"type": "text/javascript"
					}
				}
			],
			"request": {
				"auth": {
					"type": "bearer",
					"bearer": [
						{
							"key": "token",
							"value": "{{TOKEN}}",
							"type": "string"
						}
					]
				},
				"method": "PUT",
				"header": [
					{
						"key": "Content-Type",
						"value": "application/json",
						"description": "JSON Type",
						"type": "text"
					}
				],
				"body": {
					"mode": "raw",
					"raw": "{\r\n    \"apptDate\": \"2025-05-15T17:00:00.000Z\"\r\n}"
				},
				"url": {
					"raw": "http://localhost:5000/api/v1/appointments/:appt_id",
					"protocol": "http",
					"host": [
						"localhost"
					],
					"port": "5000",
					"path": [
						"api",
						"v1",
						"appointments",
						":appt_id"
					],
					"variable": [
						{
							"key": "appt_id",
							"value": "{{global_appt_id}}"
						}
					]
				}
			},
			"response": []
		},
		{
			"name": "del appt",
			"event": [
				{
					"listen": "test",
					"script": {
						"exec": [
							"pm.test(\"Status code is 200\", function () {\r",
							"    pm.response.to.have.status(200);\r",
							"});"
						],
						"type": "text/javascript"
					}
				}
			],
			"request": {
				"auth": {
					"type": "bearer",
					"bearer": [
						{
							"key": "token",
							"value": "{{TOKEN}}",
							"type": "string"
						}
					]
				},
				"method": "DELETE",
				"header": [
					{
						"key": "Content-Type",
						"value": "application/json",
						"description": "JSON Type",
						"type": "text"
					}
				],
				"body": {
					"mode": "raw",
					"raw": ""
				},
				"url": {
					"raw": "http://localhost:5000/api/v1/appointments/:appt_id",
					"protocol": "http",
					"host": [
						"localhost"
					],
					"port": "5000",
					"path": [
						"api",
						"v1",
						"appointments",
						":appt_id"
					],
					"variable": [
						{
							"key": "appt_id",
							"value": "{{global_appt_id}}"
						}
					]
				}
			},
			"response": []
		},
		{
			"name": "login admin Copy",
			"event": [
				{
					"listen": "test",
					"script": {
						"exec": [
							"pm.test(\"Status code is 200\", function () {\r",
							"    pm.response.to.have.status(200);\r",
							"});\r",
							"\r",
							"pm.environment.set(\"TOKEN\",pm.response.json().token)"
						],
						"type": "text/javascript"
					}
				}
			],
			"request": {
				"method": "POST",
				"header": [
					{
						"key": "Content-Type",
						"value": "application/json",
						"description": "JSON Type",
						"type": "text"
					}
				],
				"body": {
					"mode": "raw",
					"raw": "{\r\n    \"email\":\"admin@gmail.com\",\r\n    \"password\":\"12345678\"\r\n}"
				},
				"url": {
					"raw": "http://localhost:5000/api/v1/auth/login",
					"protocol": "http",
					"host": [
						"localhost"
					],
					"port": "5000",
					"path": [
						"api",
						"v1",
						"auth",
						"login"
					]
				}
			},
			"response": []
		},
		{
			"name": "del hospital cascade",
			"event": [
				{
					"listen": "test",
					"script": {
						"exec": [
							"pm.test(\"Status code is 200\", function () {\r",
							"    pm.response.to.have.status(200);\r",
							"});"
						],
						"type": "text/javascript"
					}
				}
			],
			"request": {
				"auth": {
					"type": "bearer",
					"bearer": [
						{
							"key": "token",
							"value": "{{TOKEN}}",
							"type": "string"
						}
					]
				},
				"method": "DELETE",
				"header": [
					{
						"key": "Content-Type",
						"value": "application/json",
						"description": "JSON Type",
						"type": "text"
					}
				],
				"body": {
					"mode": "raw",
					"raw": ""
				},
				"url": {
					"raw": "http://localhost:5000/api/v1/hospitals/:hos_id",
					"protocol": "http",
					"host": [
						"localhost"
					],
					"port": "5000",
					"path": [
						"api",
						"v1",
						"hospitals",
						":hos_id"
					],
					"variable": [
						{
							"key": "hos_id",
							"value": "{{global_hospital_id}}"
						}
					]
				}
			},
			"response": []
		}
	]
}